ID,mass,T,Fe,C,Si,Mn,P,S,minO2,dH
0,97.09,1306.1,94.88,4.01,0.54,0.43,0.109,0.019,5.800000000000001,-23386879733.444824
1,99.12,1361.6,94.71,4.28,0.51,0.39,0.096,0.02,6.2,-29118780605.824875
2,94.3,1357.8,95.02,3.95,0.51,0.4,0.101,0.019,5.4,-22995005697.431885
3,97.41,1340.3,94.96,3.99,0.52,0.41,0.095,0.018,5.6000000000000005,-22278871495.990234
4,95.73,1349.7,94.69,4.29,0.51,0.4,0.097,0.019,6.0,-27291020547.501602
